feature,odds_ratio,ci_low,ci_high,p_value
tenure,0.432,0.386,0.484,0.0
InternetService_Fiber optic,2.465,2.061,2.949,0.0
Contract_Two year,0.258,0.183,0.362,0.0
Contract_One year,0.513,0.416,0.632,0.0
InternetService_No,0.448,0.342,0.587,0.0
PaperlessBilling_Yes,1.402,1.212,1.621,0.0
OnlineSecurity_Yes,0.696,0.59,0.822,0.0
TechSupport_Yes,0.717,0.606,0.847,0.0001
PhoneService_Yes,0.612,0.478,0.785,0.0001
MultipleLines_Yes,1.349,1.156,1.573,0.0001
StreamingMovies_Yes,1.325,1.134,1.548,0.0004
StreamingTV_Yes,1.307,1.118,1.527,0.0008
PaymentMethod_Electronic check,1.369,1.138,1.648,0.0009
SeniorCitizen,1.241,1.051,1.466,0.011
Dependents_Yes,0.846,0.71,1.008,0.0621
OnlineBackup_Yes,0.893,0.769,1.038,0.1397
PaymentMethod_Credit card (automatic),0.917,0.733,1.146,0.4464
gender_Male,0.978,0.862,1.111,0.7363
PaymentMethod_Mailed check,0.995,0.796,1.243,0.9629
Partner_Yes,0.999,0.858,1.163,0.9901
DeviceProtection_Yes,1.0,0.857,1.166,0.9976
